"scope","current_url","label","in_sitemap","current_state","page_family","search_intent","disposition","destination","freshness_risk","image_quality","source_quality","advisory_relationship","conversion_route","confidence","evidence_or_blocker"
"primary-static","/","Newsroom home","yes","200,indexable","newsroom-home","latest UAE and Dubai property news","IMPROVE","/","high","mixed; six rendered images","feed inherits article evidence gaps","News gateway only; do not call the feed Raj-authored Intelligence","article decision CTA then /engage; global booking links","high","Newest item was about 63.5 hours old at audit; homepage promise and section naming collide with advisory Intelligence"
"primary-static","/news","News archive","yes","200,indexable","news-archive","browse all property reports","KEEP","/news","high","no images in audited render","inherits article evidence gaps","Canonical newsroom archive; not Latest from Raj","add topic/dossier paths before /engage; global links currently carry conversion","high","Retain URL and archive role; add filters and visible freshness state"
"primary-static","/areas","Area directory","yes","200,indexable","area-index","browse news by area","MERGE","/news","high","contextual area assets, not report evidence","19 generated pages have empty bodies and no page citations","Merge newsroom taxonomy into /news; point decision intent to advisory area dossiers","area dossier then /engage","high","Generated from loose full-body mentions; merge only after /news area filters exist"
"primary-static","/map","Signal map","yes","200,indexable","area-navigation","find reports geographically","MERGE","/news","high","map/navigation only","no independent evidence layer","Area navigation should support advisory dossiers, not imply a proprietary market score","area dossier then /engage","high","Copy is defensive: not a heatmap; no mood score; no invented market layer"
"primary-static","/terminal","News terminal","yes","200,indexable","research-tool","scan and filter market signals","NOINDEX","/terminal","high","interface only","underlying article evidence varies","Utility, not Raj-authored Intelligence","selected article/dossier then /engage","high","Remove from sitemap; keep accessible as a utility with noindex,nofollow as appropriate"
"primary-static","/developers","Developer directory","yes","200,indexable","developer-index","compare UAE developers","REDIRECT","https://investwithraj.com/developers","high","five verified developer images across 45 cards","39 of 45 cards have no newsroom report page and link externally","Advisory developer directory is the canonical decision surface","developer dossier then /engage","high","Audited at 29.5 screens, 1,220 words and 165 links; preserve only if advisory team rejects canonical ownership"
"primary-static","/about","About IWR News","yes","200,indexable","trust","understand publisher and newsroom","KEEP","/about","low","not material","publisher claims require periodic verification","Newsroom trust page; separate from advisory biography","editorial standards then advisory /engage","high","Keep claims factual and verifiable"
"primary-static","/about/editorial-standards","Editorial standards","yes","200,indexable","trust","evaluate sourcing and editorial process","KEEP","/about/editorial-standards","medium","not material","public two-domain promise diverges from 13 single-source live records","Newsroom governance only","news archive or advisory /engage","high","Update corpus or standard so public promise matches enforcement"
"primary-static","/legal/privacy","Privacy policy","yes","200,indexable","legal","privacy and data handling","KEEP","/legal/privacy","high","not material","legal text requires owner review when tracking changes","Shared trust support, not editorial content","/engage only through global navigation","high","Retain and review after analytics/forms changes"
"primary-article","/news/2026-08-13-dubai-luxury-segment-posts-aed-87-71bn-as-conviction","Dubai luxury segment posts AED 87.71bn as conviction replaces momentum","yes","200,indexable","market-pulse","Dubai luxury H1 sales and investor implications","IMPROVE","self","high","I1 contextual Palm Jebel Ali image","S1 DLD primary plus secondary corroboration","News; candidate for a separately attested Raj-authored luxury-cycle thesis","separate Latest from Raj thesis if authored, then /engage; otherwise decision CTA","high","Add exact chart/image, inline claim citations and timestamped data scope"
"primary-article","/news/2026-08-13-omniyat-acquires-36-600-sqm-marjan-beach-plot-in-first-rak","Omniyat acquires Marjan Beach plot in first RAK expansion","yes","200,indexable","market-pulse","Omniyat RAK land acquisition and project implications","IMPROVE","self","medium","I2 no display media","S1 Marjan first-party plus secondary corroboration","News with direct Al Marjan/Wynn advisory bridge; not Latest from Raj","https://investwithraj.com/areas/al-marjan-island then /engage","high","Obtain exact transaction/site media and distinguish Marjan Beach from Wynn/Al Marjan context"
"primary-article","/news/2026-07-28-burtville-launches-405-unit-bab-al-qasr-garden-residences-65","Burtville launches Bab Al Qasr Garden Residences 65","yes","200,indexable","launch","Masdar City project launch details","IMPROVE","self","high","I1 contextual Yas Island image is mismatched","S5 single syndicated Zawya press release","News; bridge to Masdar City only after evidence improves","/engage via decision CTA; future Masdar dossier","medium","Require developer/master-developer primary material and independent confirmation; exact project media"
"primary-article","/news/2026-07-26-off-plan-sales-capture-71-of-dubai-transactions-as-h1-2026-h","Off-plan sales capture 71% of Dubai transactions in H1 2026","yes","200,indexable","market-pulse","Dubai H1 off-plan share and transaction totals","IMPROVE","self","high","I1 contextual Downtown image","S2 two independent secondary reports; no primary dataset linked","News; candidate for separate Raj-authored off-plan cycle analysis","separate Latest from Raj thesis then /engage; otherwise decision CTA","high","Add DLD dataset/methodology, exact chart and dated comparison base"
"primary-article","/news/2026-07-25-dubai-logs-aed-419-94bn-in-h1-transactions-as-weekly-volumes","Dubai logs AED 419.94bn in H1 transactions","yes","200,indexable","market-pulse","Dubai H1 and weekly property transaction volume","IMPROVE","self","high","I1 contextual Palm Jumeirah image","S3 one credible publication only","News only","/engage via decision CTA; link DLD Pulse filter","high","Add primary DLD record, exact chart and reconciliation of H1 versus weekly measures"
"primary-article","/news/2026-07-23-aldar-activates-aed-100-bn-marsa-al-saadiyat-saadiyat-island","Aldar activates AED 100bn Marsa Al Saadiyat","yes","200,indexable","launch","Marsa Al Saadiyat launch facts and investment context","KEEP","self","medium","I0 exact approved Aldar editorial image","S1 Aldar primary plus two publications","News with direct Saadiyat and Aldar dossier bridge","https://investwithraj.com/areas/saadiyat-island then /engage","high","Strongest current article; still separate reported facts from any Raj conclusion"
"primary-article","/news/2026-07-22-dubai-office-rents-stabilise-at-aed-238-sqft-as-grade-a-scar","Dubai office rents stabilise at AED 238 per sqft","yes","200,indexable","market-pulse","Dubai Grade A office rents and supply","IMPROVE","self","high","I1 contextual Downtown image","S3 one credible publication only","News; candidate for a separately authored office-market thesis","separate Latest from Raj thesis then /engage; otherwise decision CTA","high","Add original research source/data table and exact office image; recheck forecasts"
"primary-article","/news/2026-07-21-ethiopia-sets-10m-investment-bar-for-golden-visa-18-uae-prop","Ethiopia sets $10m investment bar for Golden Visa","yes","200,indexable","policy","Ethiopia investor visa threshold comparison","REMOVE","410 Gone","high","I2 no display media","S4 cited Gulf News URL concerns Dubai visas and does not support Ethiopia claim","No strategic relationship; external and unsupported","none","high","Preserve evidence snapshot before removal; no redirect to unrelated content"
"primary-article","/news/2026-07-19-aed-318-billion-q1-transactions-reveal-diverging-investor-ma","AED 318bn Q1 transactions reveal diverging investor mandates","yes","200,indexable","market-pulse","UAE/Dubai Q1 transaction mix and investor strategy","IMPROVE","self","high","I1 contextual Hudayriyat image","S1 DLD primary plus two secondary sources","News; strong candidate for separately authored Raj allocation thesis","separate Latest from Raj thesis then /engage","high","Clarify geography and metric definitions; replace broad area image with exact chart"
"primary-article","/news/2026-07-14-dubai-property-prices-fall-1-24-in-june-as-yields-hold-at-6-","Dubai property prices fall 1.24% in June as yields hold at 6.93%","yes","200,indexable","market-pulse","Dubai monthly prices and yields","IMPROVE","self","high","I1 contextual Dubai Hills image","S3 one credible publication only","News; candidate for separately authored Raj pricing/yield interpretation","separate Latest from Raj thesis then /engage","high","Link underlying index methodology and exact chart; label period/base clearly"
"primary-article","/news/2026-07-12-kuwait-property-deals-fall-13-as-land-fees-and-war-chill-h1-","Kuwait property deals fall 13% in H1 2026","yes","200,indexable","market-pulse","Kuwait property transaction decline","REMOVE","410 Gone","high","I2 no display media","S3 one credible publication only","No direct UAE advisory or Raj Intelligence relationship","none","medium","Removal is strategic; confirm no backlinks/search demand before 410"
"primary-article","/news/2026-07-10-aldar-unveils-dh6bn-yas-point-1-600-residences-anchor-northe","Aldar unveils Dh6bn Yas Point","yes","200,indexable","launch","Yas Point project launch and waterfront supply","IMPROVE","self","high","I1 contextual Saadiyat image is mismatched","S1 Aldar primary plus secondary coverage; one domain repeated","News with direct Yas and Aldar dossier bridge","https://investwithraj.com/areas/yas-island then /engage","high","Use exact Yas Point media; reconcile category and remove duplicated source-domain appearance"
"primary-article","/news/2026-07-10-dubai-retail-sales-surge-171-to-aed-2-1bn-as-off-plan-mandat","Dubai retail sales surge 171% to AED 2.1bn","yes","200,indexable","market-pulse","Dubai retail property sales and off-plan mix","IMPROVE","self","high","I1 contextual Downtown image","S1 DLD primary plus two secondary sources","News; possible separately authored retail-property thesis","separate Latest from Raj thesis then /engage; otherwise decision CTA","high","Clarify that retail means property segment, add exact chart and inline evidence"
"primary-article","/news/2026-07-09-modon-and-adib-launch-75-off-plan-financing-for-abu-dhabi-co","Modon and ADIB launch 75% off-plan financing","yes","200,indexable","launch","Abu Dhabi off-plan mortgage product","IMPROVE","self","high","I1 contextual Hudayriyat image","S5 single syndicated Zawya press release","News with Modon advisory bridge","https://investwithraj.com/developers/modon then /engage","medium","Add Modon/ADIB primary terms, eligibility, effective dates and independent confirmation"
"primary-article","/news/2026-07-08-dubai-ultra-prime-sales-hit-5-1bn-as-296-homes-above-10m-tra","Dubai ultra-prime sales hit $5.1bn in H1","yes","200,indexable","market-pulse","Dubai $10m-plus home sales","MERGE","/news/2026-08-13-dubai-luxury-segment-posts-aed-87-71bn-as-conviction","high","I1 contextual Palm Jebel Ali image","S2 two independent publications","News; fold evidence into newer luxury-cycle report","newer report then separate authored luxury thesis and /engage","high","Merge non-duplicative data and 301 after validating metric compatibility"
"primary-article","/news/2026-07-06-bugatti-residences-closes-aed-270mn-in-june-penthouse-sales","Bugatti Residences closes AED 270m in June penthouse sales","yes","200,indexable","market-pulse","Bugatti Residences luxury sales","IMPROVE","self","high","I2 no display media","S2 four independent publications; no first-party record","News with luxury/project bridge only if a matching advisory dossier exists","/engage via decision CTA","high","Add exact project/transaction source and image; distinguish bookings from registered transfers"
"primary-article","/news/2026-07-02-dubai-real-estate-sets-historic-high-water-mark-with-aed-252","Dubai real estate sets AED 252bn Q1 high-water mark","yes","200,indexable","market-pulse","Dubai Q1 transaction value","IMPROVE","self","high","I1 contextual Palm Jumeirah image","S1 DLD primary plus secondary","News; candidate for separately authored cycle analysis","separate Latest from Raj thesis then /engage","high","Add exact DLD chart, metric definitions and comparison dates"
"primary-article","/news/2026-07-01-uk-buyers-lead-dubai-property-demand-but-banks-tighten-the-g","UK buyers lead Dubai demand but banks tighten the gate","yes","200,indexable","market-pulse","UK buyer demand and Dubai mortgage constraints","IMPROVE","self","high","I1 contextual Dubai Marina image","S2 three independent publications; no regulator/bank primary","News; candidate for separately authored Raj buyer-finance thesis","separate Latest from Raj thesis then /engage","high","Separate buyer-origin data from lending policy; add bank/regulator primary terms"
"primary-article","/news/2026-06-29-dar-global-launches-19-fendi-casa-villas-at-oman-s-aida-clif","Dar Global launches Fendi Casa villas at AIDA Oman","yes","200,indexable","launch","Oman branded-villa launch","REMOVE","410 Gone","high","I2 no display media","S5 single syndicated Zawya press release","No direct UAE advisory relationship","none","medium","Strategic removal; confirm backlinks and whether a client mandate justifies archival noindex instead"
"primary-article","/news/2026-06-28-dubai-mandates-monthly-rent-option-across-12-landlords-in-fl","Dubai mandates monthly rent option in Flexi Rent pilot","yes","200,indexable","policy-news","Dubai monthly rent payment pilot","REDIRECT","/news/2026-06-23-dubai-launches-flexi-rent-12-landlords-offer-monthly-instalm","high","I2 no display media","S2 three independent publications","News; canonical Flexi Rent report can feed separate Raj tenancy analysis","canonical report then /engage","high","Near-duplicate event; merge any later clarifications before 301"
"primary-article","/news/2026-06-24-oman-tenders-1-035bn-solar-mandate-as-vision-2040-absorbs-1-","Oman tenders $1.035bn solar mandate","yes","200,indexable","macro-infrastructure","Oman renewable-energy procurement","REMOVE","410 Gone","high","I2 no display media","S4 two citations from the same Zawya domain; not independent","No property-advisory relationship","none","high","Off-topic for newsroom promise; no redirect to unrelated property content"
"primary-article","/news/2026-06-23-dubai-launches-flexi-rent-12-landlords-offer-monthly-instalm","Dubai launches Flexi Rent","yes","200,indexable","policy-news","Dubai monthly rent payment pilot","IMPROVE","self","high","I2 no display media","S2 three publications plus market-report source","News; candidate for separately authored Raj landlord/tenant interpretation","separate Latest from Raj thesis then /engage","high","Canonical survivor; add official DLD/property-management terms and a correction/update timestamp"
"primary-article","/news/2026-06-22-oman-scraps-sponsor-mandate-for-property-linked-residency-pe","Oman scraps sponsor mandate for property-linked residency","yes","200,indexable","policy","Oman property-linked residency rules","NOINDEX","self; remove from sitemap","high","I2 no display media","S4 citation is only the Gulf News homepage","No direct UAE advisory relationship pending a verified cross-border mandate","/engage only if retained as a client note","high","Do not index until an exact official authority and current rule text are attached"
"primary-article","/news/2026-06-22-from-dhoom-to-dubai-how-rimi-sen-traded-bollywood-for-luxury","From Dhoom to Dubai: Rimi Sen and luxury real estate","yes","200,indexable","profile","celebrity real-estate career story","REMOVE","410 Gone","medium","I2 no display media","S2 two publications","No decision-useful property intelligence relationship","none","high","Celebrity profile is outside the consequence-led editorial strategy"
"primary-article","/news/2026-06-20-ahs-properties-acquires-shangri-la-dubai-for-dh1-1bn-eyes-dh","AHS acquires Shangri-La Dubai for Dh1.1bn","yes","200,indexable","launch","Shangri-La Dubai acquisition","REDIRECT","/news/2026-06-10-shangri-la-dubai-sells-for-dh1-1bn-as-sheikh-zayed-road-valu","medium","I2 no display media","S2 two independent publications","News; consolidate into canonical transaction report","canonical report then /engage","high","Same transaction/event; merge later buyer/development detail before 301"
"primary-article","/news/2026-06-18-dld-expands-barwa-programme-with-workshops-after-serving-18-","DLD expands Barwa Programme","yes","200,indexable","institutional-news","DLD community programme update","NOINDEX","self; remove from sitemap","medium","I2 no display media","S1 DLD primary plus secondary","News only; low relevance to client capital decisions","global /engage only","high","Retain as institutional archive if desired, but exclude from search estate"
"primary-article","/news/2026-06-18-abu-dhabi-residential-sales-hit-dh38-1bn-in-record-q1-2026","Abu Dhabi residential sales hit Dh38.1bn in Q1","yes","200,indexable","market-pulse","Abu Dhabi Q1 residential sales","IMPROVE","self","high","I1 contextual Yas image","S3 one credible publication only","News; candidate for separate Raj Abu Dhabi cycle analysis","separate Latest from Raj thesis then /engage","high","Add ADREC/DARI primary dataset, exact chart and metric definitions"
"primary-article","/news/2026-06-17-dir-completes-189-villa-delivery-at-danah-bay-as-rak-gains-i","DIR completes 189 villas at Danah Bay as RAK gains traction","yes","200,indexable","market-pulse","Danah Bay handover and RAK supply","IMPROVE","self","medium","I1 contextual Palm Jumeirah image is mismatched","S2 three independent publications","News with Al Marjan/Wynn advisory bridge","https://investwithraj.com/areas/al-marjan-island then /engage","high","Canonical duplicate survivor; use exact Danah Bay media and first-party handover evidence"
"primary-article","/news/2026-06-14-branded-residences-command-64-premium-as-dubai-buyers-chase-","Branded residences command 64% premium","yes","200,indexable","market-pulse","Dubai branded-residence premium","IMPROVE","self","high","I1 contextual Palm Jebel Ali image","S2 two publications","News; strong candidate for separately authored Raj branded-residence thesis","separate Latest from Raj thesis then /engage","high","Add underlying study/methodology, segment caveats and exact chart"
"primary-article","/news/2026-06-13-palm-jumeirah-handover-2026-two-sold-out-towers-test-the-cre","Palm Jumeirah handover: two sold-out towers","yes","200,indexable","market-pulse","Serenia Living completion and Palm supply","IMPROVE","self","medium","I1 contextual Palm Jumeirah image","S3 one credible publication only","News with direct Palm Jumeirah dossier bridge","https://investwithraj.com/areas/palm-jumeirah then /engage","high","Add developer/authority handover record and exact project image"
"primary-article","/news/2026-06-12-dubai-luxury-off-plan-sales-hit-aed4-96bn-in-may","Dubai luxury off-plan sales hit AED 4.96bn in May","yes","200,indexable","market-pulse","Dubai monthly luxury off-plan sales","MERGE","/news/2026-08-13-dubai-luxury-segment-posts-aed-87-71bn-as-conviction","high","I1 contextual Palm Jumeirah image","S3 one credible publication only","News; evidence belongs in newer luxury-cycle report","newer report then separate authored thesis and /engage","high","Merge time-series point and 301; retain source attribution"
"primary-article","/news/2026-06-11-emaar-unveils-dh200bn-masterplan-for-150-000-residents-in-du","Emaar unveils Dh200bn masterplan","yes","200,indexable","launch","Emaar masterplan scale and supply","IMPROVE","self","high","I1 contextual Palm Jumeirah image","S2 four independent publications; no first-party link","News with direct Emaar dossier bridge","https://investwithraj.com/developers/emaar then /engage","high","Add Emaar/masterplan primary source, exact site identity and image"
"primary-article","/news/2026-06-10-shangri-la-dubai-sells-for-dh1-1bn-as-sheikh-zayed-road-valu","Shangri-La Dubai sells for Dh1.1bn","yes","200,indexable","market-pulse","Shangri-La Dubai hotel transaction","IMPROVE","self","medium","I1 contextual Downtown image","S2 three independent publications","News only; possible Dubai hospitality thesis if Raj authors it","/engage via decision CTA","high","Canonical transaction survivor; add buyer/seller primary filings and exact asset image"
"primary-article","/news/2026-06-10-cbd-and-dubai-holding-real-estate-launch-aed-157-9bn-backed-","CBD and Dubai Holding launch mortgage programme","yes","200,indexable","launch","Dubai Holding mortgage programme","IMPROVE","self","high","I1 contextual Nakheel developer image is mismatched","S2 four publications; no CBD/Dubai Holding primary terms linked","News with Dubai Holding/Nakheel ecosystem bridge","https://investwithraj.com/developers/nakheel then /engage where genuinely relevant","medium","Fix entity matching, exact programme terms and media before using a developer dossier CTA"
"primary-article","/news/2026-06-07-dubai-logs-dhs28-51bn-in-may-property-deals-as-off-plan-abso","Dubai logs Dhs28.51bn in May property deals","yes","200,indexable","market-pulse","Dubai May transaction mix","IMPROVE","self","high","I2 no display media","S1 DLD primary plus three publications","News; potential input to separate Raj off-plan thesis","separate Latest from Raj thesis then /engage","high","Add exact chart and clarify whether value/share bases align"
"primary-article","/news/2026-06-06-dubai-s-off-plan-dominance-66-900-sales-in-five-months-as-ma","Dubai off-plan dominance: 66,900 sales in five months","yes","200,indexable","market-pulse","Dubai five-month off-plan sales","MERGE","/news/2026-07-26-off-plan-sales-capture-71-of-dubai-transactions-as-h1-2026-h","high","I2 no display media","S2 three publications","News; fold evidence into H1 off-plan report","H1 report then separate authored thesis and /engage","high","Merge compatible five-month point, preserve methodology and 301"
"primary-article","/news/2026-06-05-abu-dhabi-s-rent-freeze-a-structural-intervention-in-the-cap","Abu Dhabi rent freeze","yes","200,indexable","policy-news","Abu Dhabi rent-freeze rules and implications","IMPROVE","self","high","I2 no display media","S2 five citations but one publication domain repeated; no official rule linked","News; strong candidate for separately authored Raj landlord/tenant analysis","separate Latest from Raj thesis then /engage","medium","High-stakes current policy: attach official rule, scope, duration and dated correction process"
"primary-article","/news/2026-05-31-al-barari-villa-leased-for-aed-14-million-sets-dubai-rental-","Al Barari villa leased for AED 14m over two years","yes","200,indexable","market-pulse","Al Barari record villa lease","REDIRECT","/news/2026-05-30-al-barari-villa-lease-resets-dubai-ultra-prime-rental-ceilin","medium","I1 contextual Palm Jumeirah image is mismatched","S3 one publication only","News; consolidate into canonical Al Barari transaction report","canonical report then /engage","high","Same deal as AED 7m per annum story; merge fuller detail before 301"
"primary-article","/news/2026-05-30-al-barari-villa-lease-resets-dubai-ultra-prime-rental-ceilin","Al Barari villa lease resets rental ceiling at AED 7m per annum","yes","200,indexable","market-pulse","Al Barari ultra-prime villa rent record","IMPROVE","self","medium","I1 contextual Palm Jumeirah image is mismatched","S2 publication plus property portal","News; candidate for separate Raj ultra-prime leasing thesis","/engage via decision CTA; future relevant dossier","high","Canonical survivor; use exact Al Barari image, DLD/transaction evidence and disclose annual/two-year framing"
"primary-article","/news/2026-05-30-dubai-s-19-6m-visitors-drive-luxury-property-surge-as-touris","Dubai tourism and luxury-property surge","yes","200,indexable","market-pulse","relationship between tourism and luxury property","NOINDEX","self; remove from sitemap","high","I1 contextual Palm Jebel Ali image","S2 two publications but causal thesis is not directly established","News only until causal analysis is evidenced","global /engage only","medium","Rewrite with bounded correlation and primary tourism/property series before reconsidering indexation"
"content-exception","/news/2026-06-17-dir-completes-189-villa-delivery-at-danah-bay-as-rak-absorbs","DIR completes 189 villas at Danah Bay as RAK absorbs premium stock","no","200,indexable","market-pulse","Danah Bay handover and RAK supply","REDIRECT","/news/2026-06-17-dir-completes-189-villa-delivery-at-danah-bay-as-rak-gains-i","medium","I2 no display media","S2 two independent publications","News duplicate; canonical survivor has Al Marjan advisory bridge","canonical report then https://investwithraj.com/areas/al-marjan-island and /engage","high","Live and statically generated but omitted by near-duplicate sitemap selector; add explicit 301"
"primary-area","/areas/hudayriyat-island","Hudayriyat Island","yes","200,indexable","area-report-index","Hudayriyat Island property news","REDIRECT","https://investwithraj.com/areas/hudayriyat-island","high","contextual area image only","zero page citations; generic empty-body template; two loose mention matches","Advisory area dossier is canonical","advisory dossier then /engage","high","Validate that both matched reports are central enough to retain as links on the dossier"
"primary-area","/areas/palm-jebel-ali","Palm Jebel Ali","yes","200,indexable","area-report-index","Palm Jebel Ali property news","REDIRECT","https://investwithraj.com/areas/palm-jebel-ali","high","contextual area image only","zero page citations; generic empty-body template; four mention matches, several incidental","Advisory area dossier is canonical; project listing may be secondary","advisory dossier then /engage","high","Also relate selectively to https://investwithraj.com/projects/palm-jebel-ali-private-listings"
"primary-area","/areas/wynn-al-marjan","Wynn Al Marjan","yes","200,indexable","area-report-index","Wynn Al Marjan and RAK property news","REDIRECT","https://investwithraj.com/projects/wynn-al-marjan","high","contextual area image only","zero page citations; generic empty-body template; two mention matches","Advisory project dossier is canonical","advisory project then /engage","high","One matched report is the unsitemapped Danah Bay duplicate; curate links after merge"
"primary-area","/areas/downtown-dubai","Downtown Dubai","yes","200,indexable","area-report-index","Downtown Dubai property news","REDIRECT","https://investwithraj.com/areas/downtown-dubai","high","contextual area image only","zero page citations; generic empty-body template; five mention matches","Advisory area dossier is canonical","advisory dossier then /engage","high","Use only central-subject reports on destination"
"primary-area","/areas/dubai-marina","Dubai Marina","yes","200,indexable","area-report-index","Dubai Marina property news","REDIRECT","https://investwithraj.com/areas/dubai-marina","high","contextual area image only","zero page citations; generic empty-body template; two mention matches","Advisory area dossier is canonical","advisory dossier then /engage","high","Current matches are broad market/buyer reports, not Marina-specific reporting"
"primary-area","/areas/palm-jumeirah","Palm Jumeirah","yes","200,indexable","area-report-index","Palm Jumeirah property news","REDIRECT","https://investwithraj.com/areas/palm-jumeirah","high","contextual area image only","zero page citations; generic empty-body template; 15 mention matches with heavy incidental leakage","Advisory area dossier is canonical","advisory dossier then /engage","high","Matcher incorrectly associates DIR RAK and Al Barari stories; destination must curate central-subject links"
"primary-area","/areas/business-bay","Business Bay","yes","200,indexable","area-report-index","Business Bay property news","NOINDEX","self; remove from sitemap","high","contextual area image only","zero page citations; generic empty-body template; nine mostly broad mention matches","No verified advisory destination in relation map","global /engage; future area dossier","high","Keep only as internal /news filter until a substantive dossier or at least three central reports exist"
"primary-area","/areas/difc","DIFC","yes","200,indexable","area-report-index","DIFC office/property news","NOINDEX","self; remove from sitemap","high","contextual area image only","zero page citations; generic empty-body template; one report","No verified advisory destination in relation map","global /engage; future area dossier","high","Thin page; retain taxonomy only"
"primary-area","/areas/dubai-hills-estate","Dubai Hills Estate","yes","200,indexable","area-report-index","Dubai Hills Estate property news","REDIRECT","https://investwithraj.com/areas/dubai-hills-estate","high","contextual area image only","zero page citations; generic empty-body template; three broad mention matches","Advisory area dossier is canonical","advisory dossier then /engage","high","Curate report links because the current matches are market-wide"
"primary-area","/areas/jvc","JVC","yes","200,indexable","area-report-index","JVC property news","NOINDEX","self; remove from sitemap","high","contextual area image only","zero page citations; generic empty-body template; three broad mention matches","No verified advisory destination in relation map","global /engage; future area dossier","high","Keep only as an internal filter until canonical advisory ownership is established"
"primary-area","/areas/mbr-city","MBR City","yes","200,indexable","area-report-index","MBR City property news","NOINDEX","self; remove from sitemap","high","contextual area image only","zero page citations; generic empty-body template; one report","No verified advisory destination in relation map","global /engage; future area dossier","high","Thin and not independently useful"
"primary-area","/areas/dubai-creek-harbour","Dubai Creek Harbour","yes","200,indexable","area-report-index","Dubai Creek Harbour property news","REDIRECT","https://investwithraj.com/areas/dubai-creek-harbour","high","contextual area image only","zero page citations; generic empty-body template; one broad report","Advisory area dossier is canonical","advisory dossier then /engage","high","One newsroom mention does not justify a separate indexable news page"
"primary-area","/areas/saadiyat-island","Saadiyat Island","yes","200,indexable","area-report-index","Saadiyat Island property news","REDIRECT","https://investwithraj.com/areas/saadiyat-island","high","contextual area image only","zero page citations; generic empty-body template; four matches","Advisory area dossier is canonical","advisory dossier then /engage","high","Marsa report is strong; other matches require centrality review"
"primary-area","/areas/yas-island","Yas Island","yes","200,indexable","area-report-index","Yas Island property news","REDIRECT","https://investwithraj.com/areas/yas-island","high","contextual area image only","zero page citations; generic empty-body template; four matches including mismatched Masdar launch","Advisory area dossier is canonical","advisory dossier then /engage","high","Remove Burtville/Masdar false association from destination curation"
"primary-area","/areas/al-reem-island","Al Reem Island","yes","200,indexable","area-report-index","Al Reem Island property news","REDIRECT","https://investwithraj.com/areas/al-reem-island","high","contextual area image only","zero page citations; generic empty-body template; four matches","Advisory area dossier is canonical","advisory dossier then /engage","high","Most matches mention Reem incidentally; curate central reports"
"primary-area","/areas/al-raha-beach","Al Raha Beach","yes","200,indexable","area-report-index","Al Raha Beach property news","NOINDEX","self; remove from sitemap","high","contextual area image only","zero page citations; generic empty-body template; two incidental matches","No verified advisory destination in relation map","global /engage; future area dossier","high","Taxonomy-only until a real dossier or focused coverage exists"
"primary-area","/areas/masdar-city","Masdar City","yes","200,indexable","area-report-index","Masdar City property news","NOINDEX","self; remove from sitemap","high","contextual area image only","zero page citations; generic empty-body template; one single-source launch","No verified advisory destination in relation map","global /engage; future area dossier","high","Thin page inherits the Burtville source and image problems"
"primary-area","/areas/al-reef","Al Reef","yes","200,indexable","area-report-index","Al Reef property news","NOINDEX","self; remove from sitemap","high","contextual area image only","zero page citations; generic empty-body template; one incidental report","No verified advisory destination in relation map","global /engage; future area dossier","high","Thin page; taxonomy only"
"primary-area","/areas/al-marjan-island","Al Marjan Island","yes","200,indexable","area-report-index","Al Marjan Island property news","REDIRECT","https://investwithraj.com/areas/al-marjan-island","high","contextual area image only","zero page citations; generic empty-body template; three matches including duplicate Danah Bay pair","Advisory area dossier is canonical; Wynn project is secondary","advisory dossier then /engage","high","Curate Omniyat and canonical Danah Bay report; remove duplicate"
"primary-developer","/developer/emaar","Emaar Properties reports","yes","200,indexable","developer-report-index","Emaar news and launches","REDIRECT","https://investwithraj.com/developers/emaar","high","verified developer context only","one matched report; generic report-index template","Advisory developer dossier is canonical","developer dossier then /engage","high","Merge report link into advisory dossier"
"primary-developer","/developer/aldar","Aldar Properties reports","yes","200,indexable","developer-report-index","Aldar news and launches","REDIRECT","https://investwithraj.com/developers/aldar","high","verified developer context only","two matched reports; one strong exact-source article","Advisory developer dossier is canonical","developer dossier then /engage","high","Preserve Marsa and Yas Point news links on dossier"
"primary-developer","/developer/nakheel","Nakheel reports","yes","200,indexable","developer-report-index","Nakheel news","REDIRECT","https://investwithraj.com/developers/nakheel","high","verified developer context only","one algorithmic match from a Dubai Holding/CBD story","Advisory developer dossier is canonical","developer dossier then /engage","medium","Matching appears entity-adjacent rather than central; validate before adding report link"
"primary-developer","/developer/modon","Modon Properties reports","yes","200,indexable","developer-report-index","Modon news and launches","REDIRECT","https://investwithraj.com/developers/modon","high","verified developer context only","one single-syndicated-source report","Advisory developer dossier is canonical","developer dossier then /engage","high","Link only after source improvement"
"primary-developer","/developer/sobha","Sobha Realty reports","yes","200,indexable","developer-report-index","Sobha news","REDIRECT","https://investwithraj.com/developers/sobha","high","verified developer context only","two likely incidental matcher results","Advisory developer dossier is canonical","developer dossier then /engage","medium","Shangri-La and CBD/Dubai Holding stories do not appear Sobha-central; do not carry false associations"
"primary-developer","/developer/dubai-holding","Dubai Holding reports","yes","200,indexable","developer-report-index","Dubai Holding news","NOINDEX","self; remove from sitemap","high","verified developer context only","two matched reports; no mapped advisory dossier","No verified advisory destination in relation map","global /engage; future developer dossier","high","Remove indexation until canonical advisory ownership and substantive coverage exist"
"primary-vertical","/v/dld-pulse","DLD Pulse","yes","200,indexable","algorithmic-desk","Dubai transaction data reports","MERGE","/news?desk=dld-pulse","high","inherits article media gaps","five keyword-selected reports; overlapping desk logic","News filter only; not Raj-authored Intelligence","filtered report then /engage","high","Implement supported filter and canonical before 301"
"primary-vertical","/v/off-plan-watch","Off-plan Watch","yes","200,indexable","algorithmic-desk","off-plan news and launches","MERGE","/news?desk=off-plan-watch","high","inherits article media gaps","13 keyword-selected reports including duplicate and removed items","News filter only; not Raj-authored Intelligence","filtered report then /engage","high","Curate after article dispositions; implement filter before 301"
"primary-vertical","/v/uhnw-trades","UHNW Trades","yes","200,indexable","algorithmic-desk","ultra-prime transaction news","MERGE","/news?desk=uhnw-trades","high","inherits article media gaps","six keyword-selected reports including duplicate cluster","News filter; Raj-authored interpretation must be separate","filtered report or separate Latest from Raj then /engage","high","Implement filter before 301"
"primary-vertical","/v/sovereign-plays","Sovereign Plays","yes","200,indexable","algorithmic-desk","government-linked developer and capital moves","MERGE","/news?desk=sovereign-plays","high","inherits article media gaps","four keyword-selected reports with broad classification","News filter only; do not imply sovereign analysis authored by Raj","filtered report then /engage","high","Implement filter and narrower inclusion rules before 301"
"primary-vertical","/v/beyond-the-deal","Beyond the Deal","yes","200,indexable","algorithmic-desk","property implications and analysis","MERGE","/news?desk=beyond-the-deal","high","inherits article media gaps","seven keyword-selected reports; current copy is heavily qualified","Reserve name for genuinely Raj-authored edition; current records remain News","separate Latest from Raj article then /engage","high","content/insights is empty; do not present algorithmic collection as authored intelligence"
"content-exception","/news/2026-07-24-aldar-unveils-aed-100bn-marsa-al-saadiyat-abu-dhabi-s-final-","Research duplicate: Marsa Al Saadiyat","no","404; research record excluded from static params","research-record","Marsa Al Saadiyat launch","REDIRECT","/news/2026-07-23-aldar-activates-aed-100-bn-marsa-al-saadiyat-saadiyat-island","medium","I3 research placeholder","unpublished/unvalidated research record","Duplicate of live News; never Latest from Raj","canonical report then Saadiyat dossier and /engage","high","Create explicit 301 because stale comments claim research slugs stay warm but code returns 404"
"content-exception","/news/2026-05-26-dld-21b-week","Research stub: DLD weekly round-up","no","404; research record excluded from static params","research-record","weekly DLD transactions","PRIVATE","no public destination until reviewed publication","high","I3 research placeholder","unpublished/unvalidated research record","Potential News format, not Latest from Raj","none until publication gate passes","high","Keep out of public routing and feeds"
"content-exception","/news/2026-05-26-modon-hudayriyat-golf-estate","Research stub: Hudayriyat Golf Estates","no","404; research record excluded from static params","research-record","Hudayriyat project launch","PRIVATE","no public destination until reviewed publication","high","I3 research placeholder","unpublished/unvalidated research record","Potential News with Hudayriyat/Modon bridge","none until publication gate passes","high","Keep out of public routing and feeds"
"content-exception","/news/2026-05-26-golden-visa-mortgage-flex","Research stub: Golden Visa and mortgage rules","no","404; research record excluded from static params","research-record","UAE residency and mortgage policy","PRIVATE","no public destination until reviewed publication","high","I3 research placeholder","unpublished/unvalidated research record","Potential News or separately attested Raj policy analysis","none until publication gate passes","high","High-stakes policy requires official sources and dated legal/editorial review"
"non-sitemap-page","/ask","Automated decision brief","no","200,noindex","interactive-tool","ask a property question and receive an automated brief","NOINDEX","/ask","high","tool interface","generated output depends on API/data quality","Rename Ask the desk; page explicitly says it is not Raj","brief result to /engage with human review option","high","Nav label Ask Raj overstates authorship; keep noindex and disclose automation prominently"
"non-sitemap-page","/pulse","Pulse methodology placeholder","no","200,noindex","future-product-placeholder","market pulse scores and direction","REMOVE","410 Gone until a real product exists","high","no useful evidence visual","no public scores or production evidence","Do not compete with advisory Intelligence or imply live proprietary signals","none","high","Root nav says live numbers and direction while page says future/testing and withholds scores"
"non-sitemap-page","/spatial","Spatial navigation","no","200,noindex","alternate-navigation","browse geographic/vertical news","REDIRECT","/news","high","navigation only","no independent content","Fold into News filters/advisory dossiers","filtered report or dossier then /engage","high","No unique search or product value"
"non-sitemap-page","/wallet","Wallet","no","404 via notFound","empty-format","install or use wallet feature","REMOVE","410 Gone and delete dead public route after log check","high","none","feature returns no content","No newsroom/advisory relationship","none","high","Dead public code path; paired install API returns not implemented"
"non-sitemap-page","/closing-bell","Closing Bell","no","404 when registry empty","empty-format","daily/periodic market edition","PRIVATE","no public destination until reviewed editions exist","high","none","empty registry","Could become a News edition; not Latest from Raj unless personally authored","none until publication","high","Do not pre-index an empty format"
"non-sitemap-page","/power-list/[year]","Power List year format","no","404; no static params because registry is empty","empty-format","annual ranked industry list","PRIVATE","no public destination until methodology and reviewed edition exist","annual","none","empty registry and ranking methodology not published","Separate editorial product; not advisory Latest from Raj by default","none until publication","high","Keep private to avoid empty/thin indexed variants"
"non-sitemap-page","/internal/dashboard","Internal dashboard","no","Basic Auth or signed HttpOnly session; noindex,noarchive","internal-operations","editorial operations","PRIVATE","self behind authentication","high","internal UI","operational data","No public advisory relationship","internal only","high","Keep authenticated and add defense-in-depth headers/logging"
"non-sitemap-page","/internal/review","Internal review","no","Basic Auth or signed HttpOnly session; noindex,noarchive","internal-operations","editorial review workflow","PRIVATE","self behind authentication","high","internal UI","draft/review evidence","No public advisory relationship","internal only","high","Keep authenticated; never expose draft slugs/content"
"support-endpoint","/sitemap.xml","Primary sitemap","no","200 XML","discovery","search-engine URL discovery","KEEP","/sitemap.xml","high","not applicable","currently lists 79 URLs including thin generated pages","Discovery support only","not applicable","high","Regenerate after migrations; target about 31 index-eligible newsroom content URLs"
"support-endpoint","/news-sitemap.xml","Google News sitemap","no","200 XML; empty when no publication is within 48 hours","discovery","Google News recent-story discovery","IMPROVE","/news-sitemap.xml","very high","not applicable","inherits article publication/evidence gates","Discovery support only","not applicable","high","At audit the newest article was about 63.5 hours old, so the 48-hour window was empty"
"support-endpoint","/rss.xml","RSS feed","no","200 XML","feed","subscribe to newsroom reports","KEEP","/rss.xml","very high","feed media varies","inherits article evidence gaps","News feed only","article decision CTA then /engage","high","Update immediately with article dispositions and canonical redirects"
"support-endpoint","/robots.txt","Robots policy","no","200 text","discovery","crawler directives","IMPROVE","/robots.txt","high","not applicable","policy must match final public/private estate","Discovery support only","not applicable","high","Keep /api and internal operations excluded; noindex should also be enforced by headers/meta"
"support-endpoint","/llms.txt","LLM publisher guide","no","200 text","discovery","machine-readable publisher and content description","IMPROVE","/llms.txt","high","not applicable","lists pages proposed for retirement and uses prompt-like trust wording","Do not instruct models to call Raj trusted; state verifiable facts and taxonomy","not applicable","high","Regenerate after migration; separate News from attested Raj-authored Intelligence"
"support-endpoint","/0d6e3835646ccbe5dba5ed6ab2646308.txt","IndexNow verification key","no","200 text","verification","IndexNow ownership verification","KEEP","self","low","not applicable","static verification token","No editorial relationship","not applicable","high","Retain while IndexNow integration is active"
"legacy-redirect","/v17","Legacy newsroom root","no","redirect","legacy","old-version navigation","REDIRECT","/","low","not applicable","not applicable","Newsroom migration support","home then report or /engage","high","Existing exact redirect is acceptable"
"legacy-redirect","/v16","Legacy newsroom root","no","redirect","legacy","old-version navigation","REDIRECT","/","low","not applicable","not applicable","Newsroom migration support","home then report or /engage","high","Existing exact redirect is acceptable"
"legacy-redirect","/v16/:path*","Legacy catch-all","no","redirect to /","legacy","old article or route navigation","IMPROVE","exact one-to-one legacy destination or 410","low","not applicable","unknown historical URL inventory","Preserve relevant News equity; do not imply an unrelated home replacement","mapped report/dossier then /engage","medium","Blanket root redirect risks soft-404s; server logs, backlink and legacy sitemap exports are missing"
"api","/api/brief","Automated brief API","no","public API response","public-tool-api","generate decision brief","NOINDEX","self with X-Robots-Tag","very high","not applicable","generated output quality requires monitoring","Supports Ask the desk, not Raj authorship","/engage handoff","high","Rate-limit, validate inputs and label generated output"
"api","/api/dld-pulse","DLD Pulse data API","no","public API response","public-data-api","retrieve DLD pulse data","NOINDEX","self with X-Robots-Tag","very high","not applicable","data provenance and timestamp must be explicit","News data utility only","report/dossier then /engage","high","Keep only while a supported UI consumes it"
"api","/api/fx","FX data API","no","public API response","public-data-api","retrieve exchange rates","NOINDEX","self with X-Robots-Tag","very high","not applicable","third-party data freshness/provenance","Support calculator/brief only","tool result then /engage","high","Return timestamp, source and cache age"
"api","/api/front","Front-feed API","no","public API response; no local page consumer found","public-feed-api","retrieve newsroom front feed","NOINDEX","self with X-Robots-Tag if an external contract exists; otherwise REMOVE","very high","inherits article media gaps","inherits article evidence gaps","News feed only","consumer-defined","medium","External consumers and contractual dependency were not available"
"api","/api/og","Dynamic Open Graph image","no","public image response","media-api","render social preview image","NOINDEX","self with X-Robots-Tag","high","generated social card; not editorial evidence","title/input validation required","Distribution support only","article social click to decision CTA","high","Keep separate from article evidence imagery and prevent arbitrary abuse"
"api","/api/anchor","Anchor operation","no","operational API","editorial-ops-api","internal editorial automation","PRIVATE","self; authenticated service access only","very high","not applicable","operational output","Internal newsroom only","internal only","high","Require authentication/authorization, audit log and noindex headers"
"api","/api/cron/draft","Draft cron","no","operational API","editorial-ops-api","scheduled draft generation","PRIVATE","self; authenticated scheduler only","very high","not applicable","draft sourcing pipeline","Internal newsroom only","internal only","high","Require scheduler secret, replay protection and audit log"
"api","/api/daily-intro","Daily intro operation","no","operational API","editorial-ops-api","generate daily intro","PRIVATE","self; authenticated service access only","very high","not applicable","generated editorial copy","Internal newsroom only","internal only","high","Keep out of public discovery"
"api","/api/digest","Digest operation","no","operational API","editorial-ops-api","create/send digest","PRIVATE","self; authenticated service access only","very high","not applicable","distribution content","Internal newsroom only","internal only","high","Verify recipients and send authorization"
"api","/api/distribute","Distribution operation","no","operational API","editorial-ops-api","distribute published report","PRIVATE","self; authenticated service access only","very high","not applicable","publication/distribution state","Internal newsroom only","internal only","high","Idempotency and audit log required"
"api","/api/indexnow","IndexNow submission","no","operational API","editorial-ops-api","submit URLs to IndexNow","PRIVATE","self; authenticated service access only","high","not applicable","submitted canonical list","Discovery operation only","internal only","high","Allow only canonical public URLs"
"api","/api/news/draft","Draft collection","no","operational API","editorial-ops-api","create/list drafts","PRIVATE","self; authenticated editor access only","very high","draft media","unpublished draft sources","Internal newsroom only","internal only","high","Never expose draft content or identifiers"
"api","/api/news/draft/reservation","Draft reservation","no","operational API","editorial-ops-api","reserve draft work","PRIVATE","self; authenticated editor access only","very high","not applicable","workflow state","Internal newsroom only","internal only","high","Authorization and expiry controls required"
"api","/api/news/draft/[id]","Draft detail","no","operational API","editorial-ops-api","read/update a draft","PRIVATE","self; authenticated editor access only","very high","draft media","unpublished evidence","Internal newsroom only","internal only","high","Object-level authorization required"
"api","/api/news/draft/[id]/media-approval","Draft media approval","no","operational API","editorial-ops-api","approve editorial media","PRIVATE","self; authenticated reviewer access only","very high","rights-sensitive approval","media rights record","Internal newsroom only","internal only","high","Separate reviewer permission and immutable approval log"
"api","/api/news/draft/[id]/publish","Draft publication","no","operational API","editorial-ops-api","publish a reviewed draft","PRIVATE","self; authenticated reviewer access only","very high","publication media gate","publication evidence gate","Internal newsroom only","internal only","high","Require final source/media/hash gates and idempotency"
"api","/api/news/draft/[id]/deployment","Draft deployment status","no","operational API","editorial-ops-api","track deployment","PRIVATE","self; authenticated editor access only","very high","not applicable","deployment state","Internal newsroom only","internal only","high","Do not leak infrastructure details"
"api","/api/post-publish","Post-publication operation","no","operational API","editorial-ops-api","run post-publish steps","PRIVATE","self; authenticated service access only","very high","not applicable","canonical/indexing/distribution state","Internal newsroom only","internal only","high","Idempotency and audit log required"
"api","/api/press-inbox","Press inbox ingestion","no","operational API","editorial-ops-api","ingest press material","PRIVATE","self; authenticated ingestion only","very high","incoming media may lack rights","press material is not independent evidence","Internal newsroom only","internal only","high","Quarantine untrusted inputs and never auto-publish press copy"
"api","/api/queue/add","Queue add","no","operational API","editorial-ops-api","enqueue editorial work","PRIVATE","self; authenticated service access only","very high","not applicable","workflow payload","Internal newsroom only","internal only","high","Validate payload and enforce authorization"
"api","/api/queue/action/[id]","Queue action","no","operational API","editorial-ops-api","act on queued item","PRIVATE","self; authenticated reviewer access only","very high","not applicable","workflow state","Internal newsroom only","internal only","high","Object-level authorization and audit log required"
"api","/api/stock-cover","Stock-cover operation","no","operational API","editorial-ops-api","assign fallback cover","PRIVATE","self; authenticated service access only","very high","stock/contextual media is not article evidence","rights/source metadata required","Internal newsroom only","internal only","high","Do not let fallback imagery imply the pictured asset is the subject"
"api","/api/cover-image","Disabled cover-image endpoint","no","disabled/dead API","dead-api","generate or retrieve cover image","REMOVE","404/410 or delete route after dependency check","high","disabled media path","no editorial evidence","No public relationship","none","high","Code indicates disabled path; current consumer not found"
"api","/api/sentiment","Disabled sentiment endpoint","no","disabled API","dead-api","retrieve sentiment score","REMOVE","404/410 or delete route after dependency check","very high","not applicable","sentiment method is disabled/unsupported","Avoid invented market layer","none","high","Removal aligns with map copy rejecting mood scores"
"api","/api/translate","Translation endpoint","no","public/dead API; no local page consumer found","dead-api","translate content","REMOVE","404/410 or delete route after dependency check","very high","not applicable","translation accuracy and disclosure unknown","No current public product relationship","none","medium","Check external consumers before removal"
"api","/api/veo-test","Veo test endpoint","no","test API","test-api","test video generation","REMOVE","404/410; exclude from production","very high","test media","no production evidence","No newsroom product relationship","none","high","Test endpoint should not ship publicly"
"api","/api/vertex-test","Vertex test endpoint","no","test API","test-api","test model integration","REMOVE","404/410; exclude from production","very high","not applicable","test output","No newsroom product relationship","none","high","Test endpoint should not ship publicly"
"api","/api/voice","Voice endpoint","no","public/dead API; no local page consumer found","dead-api","generate/read article audio","REMOVE","404/410 or delete route after dependency check","very high","audio rights/quality not verified","generated voice disclosure unknown","No supported public format","none","medium","Check external consumers before removal"
"api","/api/wallet/install","Wallet install endpoint","no","501/not implemented","dead-api","install wallet feature","REMOVE","404/410 and delete with /wallet after log check","high","none","not implemented","No newsroom/advisory relationship","none","high","Dead paired route"
